unit_id,timestamp_utc,X_length,selected_event
108h,1620811584,544,0
250h,1620511416,597,0
247h,1620121424,592,0
238h,1620480884,580,1
189h,1621103059,509,0
293h,1623581229,520,0
188h,1618516291,598,0
168h,1619943167,600,0
293h,1623748586,517,0
274h,1622616070,566,0
273h,1620746974,542,0
259h,1620343686,600,0
246h,1621018501,583,1
288h,1619628872,585,0
123h,1611866993,596,0
272h,1620825520,539,0
246h,1620327661,600,0
235h,1616978702,579,0
238h,1622094768,599,1
264h,1621039410,600,0
235h,1617172950,583,0
247h,1620688936,562,0
189h,1621060403,513,0
258h,1618528916,599,0
272h,1620777749,570,0
194h,1621911658,516,0
272h,1620910139,592,0
107h,1622163327,600,0
222h,1616180059,589,1
257h,1620500180,569,0
137h,1623953065,599,1
259h,1617578790,592,1
298h,1622248315,600,0
226h,1623263521,500,0
189h,1621376268,544,0
144h,1617504083,597,0
277h,1619129710,600,0
272h,1620775824,571,0
222h,1615686765,600,0
273h,1621125982,599,1
188h,1619296544,600,0
273h,1621110368,600,0
272h,1620941265,548,0
250h,1620258720,599,0
189h,1620640860,513,0
226h,1623352280,542,0
238h,1621627580,574,1
221h,1623359745,594,0
226h,1623353769,538,0
230h,1616550221,599,1
247h,1620321211,575,0
258h,1618352711,600,0
248h,1621627283,598,0
194h,1621913800,509,0
257h,1620285830,565,0
293h,1623794185,600,0
230h,1619429780,545,0
194h,1622027614,568,0
274h,1622685320,511,0
235h,1617051422,510,0
141h,1618331973,600,0
257h,1620273577,581,0
273h,1620581620,595,0
141h,1618710285,593,0
264h,1620777905,598,0
108h,1620498509,517,0
247h,1620356364,560,0
188h,1618442963,594,0
246h,1620072704,600,0
108h,1620457179,538,0
108h,1620553667,524,0
257h,1620319227,513,0
189h,1621194751,558,0
223h,1621566525,501,0
264h,1620956871,600,0
274h,1623371769,600,0
229h,1622495554,552,1
229h,1610481270,583,1
147h,1623122701,599,0
189h,1621123800,512,0
223h,1621407329,545,0
118h,1617671908,599,0
257h,1620352658,533,0
189h,1620821333,548,0
247h,1620131059,565,0
264h,1620862634,591,0
272h,1621100895,516,0
193h,1616541196,599,1
229h,1621725603,596,0
255h,1619735717,599,0
246h,1620266274,599,0
189h,1621076991,507,0
277h,1618259458,600,0
226h,1623095617,552,0
273h,1620684606,502,0
293h,1624374228,600,0
226h,1623220379,573,0
264h,1621736822,598,0
258h,1619075135,600,0
226h,1623702457,560,0
223h,1621380672,559,0
123h,1611718083,599,0
141h,1618440498,600,0
108h,1620717760,546,0
272h,1621014007,583,0
123h,1612650770,597,1
107h,1621627437,591,0
272h,1620775908,548,0
284h,1620494544,599,0
235h,1617360561,535,0
226h,1623191561,541,0
108h,1620694729,543,0
193h,1619745759,600,0
257h,1620235572,593,0
109h,1621373891,595,1
293h,1624407494,586,1
256h,1618642634,599,0
168h,1620911949,594,0
247h,1620127413,516,0
137h,1623368304,599,0
107h,1622245262,578,0
234h,1620822825,594,0
230h,1619823327,600,0
261h,1615758264,600,0
274h,1622750718,584,0
144h,1617407918,599,0
264h,1621644395,581,0
256h,1619558116,600,1
258h,1619231588,600,0
108h,1620527494,528,0
123h,1611846037,600,0
258h,1618622610,600,0
164h,1619208875,579,1
284h,1620077903,599,0
229h,1622412213,595,0
258h,1618586783,599,0
286h,1620773087,567,1
141h,1618531944,600,0
189h,1621166920,538,0
247h,1620295146,551,0
234h,1620772449,599,0
272h,1620910069,592,0
272h,1620875884,577,0
256h,1619310513,600,0
127h,1615581591,598,0
293h,1624395761,595,0
273h,1620943984,600,0
246h,1619831244,599,0
247h,1620700443,509,0
226h,1623640960,509,0
273h,1620817483,509,0
238h,1616105629,595,1
189h,1621247524,555,0
257h,1616721245,599,1
247h,1620301825,506,0
257h,1620193317,513,0
288h,1619730601,580,0
137h,1623029448,600,0
273h,1620582027,573,0
258h,1619143617,598,0
286h,1620442016,592,0
247h,1620245178,594,0
147h,1623546020,600,0
257h,1620234941,579,0
258h,1618533936,600,0
247h,1620475714,542,0
273h,1621119515,600,0
124h,1619493198,599,0
247h,1620369897,579,0
272h,1621122918,544,0
229h,1617496171,599,1
189h,1621467645,600,0
277h,1618602795,600,0
168h,1620588242,598,0
273h,1621108108,600,0
247h,1620558443,592,0
108h,1620454550,541,0
272h,1620814672,536,0
247h,1620433671,586,0
127h,1615512667,588,0
165h,1620158466,594,0
230h,1617316817,600,1
168h,1619997946,596,0
222h,1616181083,579,1
141h,1618432115,600,0
189h,1618077021,576,1
189h,1620643542,598,0
250h,1620433811,592,0
257h,1620235698,584,0
247h,1620109899,590,0
168h,1620766507,588,0
144h,1618269480,585,0
118h,1618703023,599,1
257h,1620231583,572,0
272h,1621207875,550,0
189h,1621209822,538,0
221h,1623097815,588,0
247h,1620509052,509,0
188h,1618951992,600,0
194h,1621967528,500,0
108h,1620645650,564,0
226h,1623220491,561,0
141h,1619232870,600,0
127h,1615261351,595,0
147h,1623361592,599,0
194h,1621777764,505,0
108h,1620519452,510,0
273h,1620429134,600,1
226h,1623515639,578,0
286h,1618444192,595,1
258h,1619030032,600,0
189h,1621736393,598,0
121h,1617330466,600,0
108h,1620533362,501,0
189h,1621332381,567,0
274h,1622703301,501,0
168h,1620083309,543,0
234h,1619825179,600,0
274h,1622711583,512,0
193h,1620073796,596,0
258h,1618597698,598,0
226h,1623448017,527,0
127h,1615522294,599,0
256h,1619130678,597,0
226h,1623202006,537,0
273h,1620429909,597,1
234h,1620350723,600,0
189h,1621379363,554,0
108h,1620606089,580,0
288h,1619575393,525,0
108h,1620690354,593,0
165h,1620876966,599,0
238h,1623722327,600,0
226h,1615232822,566,1
255h,1619525336,600,0
97h,1613862221,544,1
107h,1622155249,599,0
247h,1620121330,599,0
194h,1621778730,587,0
168h,1620265099,596,0
250h,1618696782,595,1
234h,1619980424,599,0
258h,1618796643,600,0
108h,1620776535,540,0
97h,1613188137,599,0
127h,1616007994,599,0
273h,1621005841,594,0
284h,1619489058,597,0
189h,1621088740,518,0
247h,1620011379,579,0
274h,1622868225,514,0
123h,1612313414,600,0
262h,1620514310,600,0
108h,1620618679,529,0
238h,1620480352,565,1
189h,1620815753,554,0
108h,1620618938,563,0
272h,1621122432,502,0
257h,1620306245,579,0
238h,1623109853,587,1
257h,1620495221,510,0
196h,1616368468,588,0
247h,1620605963,585,0
123h,1612650281,600,1
57h,1619656076,600,0
137h,1623874723,599,0
229h,1622105315,522,0
274h,1622834555,555,0
296h,1620342140,600,0
118h,1617828404,600,0
298h,1622227813,599,0
257h,1620473144,549,0
238h,1622240356,571,1
262h,1620631937,595,0
189h,1621132487,578,0
272h,1620780921,581,0
257h,1620486051,567,0
127h,1615854572,600,0
108h,1620656327,588,0
247h,1620212473,518,0
272h,1621680228,594,0
127h,1615402212,600,0
189h,1620880252,514,0
229h,1621297626,600,0
238h,1623703241,600,0
274h,1622882609,580,0
229h,1621463634,599,0
118h,1618346677,600,0
272h,1621639376,599,0
238h,1616896670,594,1
226h,1624061599,600,0
57h,1620426704,599,0
194h,1621986416,566,0
194h,1621739753,543,0
274h,1622604466,599,0
274h,1619391463,584,1
144h,1617492825,599,0
226h,1623307659,500,0
141h,1618521745,598,0
296h,1620238203,599,0
258h,1618370719,599,0
332h,1621988397,584,0
272h,1621205762,532,0
229h,1610482260,535,1
229h,1621457751,600,0
190h,1620163289,560,0
284h,1619476917,598,0
189h,1621077063,519,0
298h,1622760604,574,1
108h,1620663764,547,0
272h,1621024401,538,0
107h,1622366931,559,0
238h,1624320515,599,0
189h,1621152486,506,0
293h,1624394009,590,0
246h,1620242001,550,0
194h,1622421500,582,0
222h,1615588924,595,0
168h,1619914927,599,0
246h,1620239109,591,0
221h,1623708363,600,0
127h,1615780057,567,0
272h,1620966662,549,0
272h,1621250864,574,0
261h,1615403876,600,0
272h,1621207576,556,0
230h,1617319028,599,1
286h,1620350267,598,0
141h,1619294811,596,1
108h,1620355284,573,0
123h,1611808538,596,0
272h,1620906921,513,0
108h,1620811919,580,0
258h,1618683317,600,0
108h,1620812659,534,0
194h,1621913920,501,0
230h,1617320033,596,1
257h,1620219867,502,0
264h,1621134436,600,0
223h,1621283012,598,1
124h,1619051682,599,0
235h,1617074180,544,0
108h,1620785926,512,0
144h,1617906473,596,0
256h,1619224872,598,0
246h,1620087938,598,0
257h,1620172255,587,0
247h,1620002062,561,0
247h,1620501355,527,0
247h,1621122639,596,1
188h,1618458196,595,0
255h,1619316147,597,0
272h,1621014200,579,0
272h,1620775194,506,0
293h,1623713238,504,0
194h,1621803679,599,0
229h,1621558266,591,0
247h,1620003530,505,0
189h,1621089572,597,0
260h,1619555810,599,0
223h,1621471776,538,0
147h,1623114961,600,0
246h,1619210492,590,1
141h,1618367929,598,0
257h,1620534456,594,0
189h,1621088144,532,0
284h,1619570075,600,0
147h,1623705906,598,1
264h,1621388715,598,0
108h,1620466369,557,0
188h,1619561625,600,1
272h,1620860500,573,0
264h,1621924438,600,1
226h,1623192071,508,0
293h,1620005766,597,1
107h,1622367174,545,0
293h,1623514972,585,0
189h,1621486630,596,0
234h,1620522031,600,0
194h,1622755253,590,1
293h,1623553734,533,0
108h,1620490131,536,0
189h,1621084067,542,0
226h,1616366930,595,1
250h,1620340752,599,0
264h,1621311844,600,0
223h,1621524691,530,0
264h,1621703529,575,0
257h,1620291934,527,0
109h,1620636791,598,0
189h,1620992056,546,0
298h,1622751526,599,0
141h,1618340531,597,0
189h,1621105011,562,0
226h,1623443527,511,0
257h,1620235616,586,0
250h,1620526506,585,0
257h,1620323056,508,0
238h,1615753495,593,1
234h,1620243513,600,0
246h,1621018175,595,1
284h,1620245628,599,0
226h,1623342230,541,0
257h,1620183374,580,0
229h,1622076602,597,0
257h,1620455408,541,0
194h,1621894393,503,0
257h,1620178462,525,0
226h,1623010859,574,0
108h,1620562873,575,0
272h,1621461422,599,0
165h,1620590834,599,0
272h,1621676719,566,0
124h,1619219709,600,0
256h,1618433548,599,0
256h,1618777647,599,0
189h,1620707828,599,0
272h,1621107833,559,0
247h,1620496305,594,0
234h,1619818932,599,0
257h,1620192319,525,0
108h,1620425663,509,0
226h,1623641763,556,0
246h,1620416860,554,0
222h,1616039368,600,0
108h,1620466036,543,0
286h,1620585235,589,0
221h,1623472531,598,0
247h,1620382856,583,0
189h,1620999020,513,0
298h,1621979858,600,0
189h,1620784334,509,0
256h,1619296804,598,0
332h,1623011830,578,1
223h,1621484438,543,0
165h,1620326269,592,0
261h,1615698786,600,0
277h,1618433296,600,0
186h,1622932544,598,0
293h,1624393555,598,0
226h,1623512984,589,0
286h,1618444582,590,1
293h,1623470918,532,0
194h,1621793895,510,0
277h,1618779596,600,0
189h,1621363742,507,0
259h,1620405909,600,0
123h,1611686731,600,0
247h,1620476858,553,0
168h,1620250443,598,0
230h,1617319303,582,1
238h,1623883760,600,0
293h,1624395652,600,0
332h,1621890734,591,0
165h,1620804523,600,0
165h,1620520108,600,0
137h,1623953833,584,1
229h,1622229979,598,0
250h,1620406262,599,0
127h,1615836223,600,0
189h,1620603688,535,0
229h,1622089530,545,0
189h,1621093518,555,0
247h,1620282058,555,0
257h,1620297853,519,0
97h,1612751014,599,0
168h,1620323385,600,0
247h,1620501132,506,0
238h,1623792443,600,0
221h,1623620369,598,0
109h,1620946470,600,0
193h,1619661468,599,0
188h,1619224615,599,0
107h,1622667861,581,1
250h,1620610601,600,0
272h,1621207649,548,0
223h,1621281962,600,1
222h,1615520487,600,0
235h,1616960066,598,0
194h,1622091852,501,0
108h,1620791745,525,0
261h,1615419946,600,0
97h,1612762133,599,0
235h,1617060954,599,0
194h,1622006220,526,0
108h,1620811513,535,0
189h,1620752864,585,0
235h,1616944265,513,0
293h,1623748694,521,0
222h,1615513992,600,0
293h,1623462819,520,0
238h,1618371324,583,1
272h,1621556629,597,0
194h,1621988311,512,0
247h,1620675117,509,0
298h,1622085901,599,0
238h,1621913687,596,1
189h,1621006389,507,0
284h,1619968394,596,0
229h,1621739889,600,0
97h,1613619074,504,0
194h,1622102279,551,0
108h,1620370491,562,0
226h,1623174533,561,0
247h,1620109532,593,0
260h,1619733156,588,0
168h,1620683000,597,0
234h,1620436236,600,0
247h,1620281970,565,0
274h,1623359317,600,0
189h,1621208420,574,0
257h,1620443058,521,0
257h,1620384961,503,0
109h,1620348615,595,0
257h,1620231406,599,0
147h,1623282393,599,0
57h,1619976813,600,0
193h,1620266230,534,0
274h,1622850165,592,0
274h,1622741258,506,0
189h,1621707286,594,0
165h,1620701251,600,0
223h,1617738578,595,1
189h,1620779073,598,0
238h,1620478957,600,1
257h,1620255686,547,0
257h,1620501322,531,0
189h,1621439056,501,0
123h,1612490812,599,0
274h,1623710608,599,1
256h,1613599189,580,1
274h,1622805155,541,0
165h,1620780806,597,0
262h,1620350738,599,0
189h,1621000564,545,0
293h,1623973257,597,0
127h,1615592161,600,0
298h,1622761332,571,1
194h,1621793855,500,0
189h,1621035442,542,0
257h,1621362198,600,1
298h,1621825160,600,0
189h,1621055931,533,0
238h,1624309299,600,0
247h,1620787693,575,0
221h,1623118978,538,0
226h,1617489343,593,1
189h,1621313720,592,0
274h,1622750990,528,0
97h,1613700877,598,0
123h,1611622481,600,0
124h,1619399056,586,0
226h,1623482972,523,0
223h,1621461959,503,0
141h,1618171520,600,0
229h,1622491132,590,0
189h,1620674252,555,0
258h,1619205189,600,0
272h,1621114683,516,0
272h,1621896606,600,1
262h,1620437021,600,0
226h,1622499700,594,1
189h,1621204451,546,0
223h,1621559076,588,0
194h,1622005399,530,0
250h,1620864488,569,1
165h,1621110002,600,0
189h,1621210379,528,0
189h,1621044569,589,0
189h,1620728679,511,0
234h,1620006062,600,0
247h,1620469611,591,0
235h,1617017202,591,0
221h,1623971903,600,0
57h,1620502564,599,0
189h,1621293120,579,0
189h,1621110854,567,0
165h,1620438477,600,0
57h,1620256736,600,0
223h,1621464073,524,0
57h,1620061285,599,0
226h,1623095341,571,0
257h,1620173618,547,0
141h,1618271979,600,0
274h,1622641077,593,0
257h,1620234986,583,0
223h,1621449802,503,0
123h,1611642764,600,0
188h,1618601888,598,0
234h,1620605240,600,0
186h,1623199490,570,0
256h,1619047688,588,0
165h,1619135080,596,1
121h,1618093693,600,0
298h,1621906565,600,0
257h,1620415430,506,0
57h,1619661742,600,0
109h,1620508076,595,0
257h,1620499236,546,0
194h,1621800458,501,0
257h,1620199880,558,0
255h,1619703862,600,0
189h,1621105125,580,0
258h,1618435618,600,0
258h,1615709772,599,1
165h,1621133636,600,0
247h,1620096581,515,0
246h,1620509895,599,0
259h,1619654371,598,1
235h,1617262463,524,0
235h,1617071070,532,0
274h,1623543677,592,0
226h,1623427486,506,0
277h,1619123915,600,0
247h,1620952459,598,0
109h,1620610192,598,0
194h,1622554008,600,0
273h,1620656706,586,0
258h,1618552186,600,0
57h,1620349899,589,0
293h,1623568219,533,0
257h,1620432515,535,0
137h,1622932767,600,0
257h,1620228309,592,0
250h,1620865959,589,1
264h,1621129997,592,0
259h,1621283838,600,0
97h,1613606098,586,0
123h,1612642512,599,0
247h,1621030414,600,0
264h,1621567984,599,0
293h,1624377243,598,0
277h,1618967150,598,0
189h,1620817450,536,0
124h,1619749682,597,0
226h,1623259007,532,0
273h,1620967090,599,0
261h,1615325904,600,0
194h,1622068564,514,0
247h,1620018158,563,0
189h,1620908234,513,0
189h,1621065121,507,0
108h,1620425781,531,0
239h,1616992914,587,0
257h,1620447881,505,0
118h,1617989817,600,0
147h,1623507453,599,0
272h,1620785896,595,0
239h,1616900375,592,0
189h,1621485833,557,0
107h,1621719440,592,0
165h,1620597795,585,0
189h,1621205542,537,0
298h,1622606637,599,0
274h,1622789772,521,0
247h,1620159568,519,0
284h,1620093019,599,0
247h,1620159208,594,0
247h,1620014085,510,0
189h,1620848054,564,0
332h,1622245689,584,0
118h,1617871102,600,0
193h,1620087985,594,0
193h,1619653007,598,0
186h,1622510279,600,0
108h,1620466661,581,0
274h,1623011349,600,0
332h,1622505861,600,0
127h,1615774036,599,0
226h,1623605005,523,0
108h,1620605791,587,0
221h,1623715822,589,0
277h,1618971874,593,0
246h,1620077140,599,0
274h,1623099233,599,0
188h,1618965444,599,0
229h,1621640198,589,0
189h,1620821662,588,0
193h,1619682951,600,0
168h,1620009875,597,0
332h,1622342470,598,0
273h,1621083203,598,0
238h,1622242208,595,1
222h,1615006760,598,0
221h,1623904081,600,0
229h,1621838007,599,0
141h,1618606493,594,0
189h,1621104312,516,0
188h,1619476149,600,0
226h,1623359690,509,0
108h,1620721631,566,0
247h,1620122092,567,0
272h,1620776065,552,0
189h,1621205451,520,0
272h,1620825320,552,0
144h,1617845682,593,0
258h,1618768047,586,0
277h,1618541272,600,0
248h,1621883068,590,0
147h,1623541617,600,0
277h,1618282137,600,0
255h,1619056647,598,0
229h,1622248971,600,0
108h,1620697239,561,0
147h,1623369197,600,0
144h,1617582707,599,0
257h,1620178349,541,0
226h,1623422667,502,0
121h,1617987564,600,0
118h,1618184929,600,0
127h,1615597684,599,0
248h,1620935654,593,1
274h,1623706942,599,0
194h,1622756393,598,1
272h,1621207910,553,0
257h,1620529545,596,0
229h,1614415311,561,1
247h,1620596434,526,0
127h,1615843341,595,0
234h,1620763867,600,0
194h,1621812812,531,0
189h,1621471983,588,0
189h,1620644085,588,0
247h,1620763987,573,0
108h,1620699871,570,0
189h,1621456288,591,0
250h,1620240048,600,0
258h,1618262599,600,0
274h,1623188399,599,0
247h,1620151882,526,0
168h,1620502432,578,0
226h,1624126500,595,1
272h,1621132185,555,0
221h,1623116538,596,0
226h,1623637751,507,0
284h,1620529331,600,0
262h,1619742017,599,0
226h,1623184588,586,0
264h,1621647537,585,0
141h,1619294153,598,1
235h,1618085408,548,1
255h,1620005565,600,0
235h,1617072517,592,0
247h,1620294464,575,0
108h,1620371278,558,0
264h,1621051403,600,0
229h,1622249276,600,0
107h,1622669077,568,1
108h,1620494437,519,0
168h,1620433486,598,0
147h,1623289931,600,0
229h,1621734644,600,0
264h,1621553366,596,0
262h,1619919836,549,0
258h,1618612376,600,0
108h,1620658077,544,0
189h,1621329034,516,0
186h,1622941662,599,0
105h,1620959639,599,1
223h,1621524634,532,0
273h,1621029298,598,0
194h,1622576624,599,0
229h,1622495491,559,1
229h,1622417024,600,0
257h,1620228028,527,0
257h,1620256075,557,0
258h,1618279857,600,0
108h,1620527785,551,0
257h,1620529671,596,0
277h,1618787203,600,0
248h,1621033088,600,0
108h,1620466891,534,0
296h,1620430359,600,0
250h,1617073796,598,1
226h,1623220709,539,0
223h,1621484443,549,0
235h,1616959034,526,0
186h,1623446465,579,1
165h,1621255151,592,1
137h,1623536982,600,0
188h,1618699443,594,0
189h,1621210671,533,0
286h,1618445104,591,1
261h,1615076420,600,0
108h,1620359495,511,0
272h,1621897171,596,1
196h,1616456116,576,1
168h,1620333556,595,0
194h,1621849323,595,0
272h,1621299577,514,0
247h,1620359743,520,0
235h,1617136274,501,0
168h,1620081207,598,0
246h,1620766563,598,0
234h,1619991198,600,0
238h,1621803529,595,1
141h,1618506985,593,0
229h,1614413587,589,1
250h,1620246345,600,0
194h,1622085700,572,0
189h,1620698704,563,0
332h,1623011970,579,1
222h,1614998606,597,0
189h,1621247421,592,0
292h,1616196050,600,0
147h,1623619045,600,0
189h,1621481240,557,0
332h,1622592250,599,0
286h,1620344231,598,0
250h,1618697328,590,1
229h,1622247001,599,0
247h,1620240197,563,0
264h,1620787677,600,0
238h,1615754449,549,1
257h,1620273849,572,0
123h,1611518497,600,0
109h,1621231845,599,0
141h,1618614760,568,0
57h,1620434483,600,0
189h,1621074266,594,0
234h,1620171885,600,0
127h,1615749002,600,0
226h,1623265686,507,0
256h,1618371255,599,0
108h,1620733762,539,0
272h,1621107804,558,0
257h,1620408950,516,0
272h,1620788511,503,0
235h,1617329956,505,0
255h,1619128297,500,0
298h,1621995206,600,0
165h,1620947663,600,0
147h,1623462239,600,0
274h,1622861277,596,0
108h,1620618805,559,0
229h,1621405007,599,0
234h,1620597707,599,0
189h,1621740441,592,0
247h,1620592982,583,0
257h,1620432397,514,0
274h,1622793556,509,0
189h,1621021877,512,0
235h,1617240568,552,0
272h,1620792281,514,0
57h,1620509248,600,0
186h,1623445320,599,1
257h,1620211409,546,0
108h,1620466853,538,0
258h,1618884255,529,0
247h,1620151992,551,0
123h,1611859048,597,0
261h,1615922194,597,1
168h,1619923413,599,0
238h,1622095334,598,1
258h,1618758613,600,0
261h,1615779846,599,0
97h,1613087868,600,0
288h,1619731399,522,0
261h,1615683856,599,0
189h,1621349128,509,0
272h,1621013116,597,0
235h,1618020019,598,0
277h,1618439302,600,0
229h,1621903397,600,0
188h,1619320812,599,0
168h,1620745084,600,0
247h,1620012799,517,0
257h,1620366144,575,0
141h,1618175595,599,0
272h,1621114362,532,0
298h,1621634663,598,0
194h,1622743735,595,0
165h,1620264398,599,0
189h,1621397910,513,0
260h,1619485317,596,0
293h,1624405865,597,1
247h,1620632209,500,0
189h,1621196100,589,0
260h,1619989850,588,1
256h,1618618240,600,0
255h,1619361597,575,0
272h,1620824545,580,0
261h,1614743636,600,0
257h,1620294777,553,0
277h,1618174986,598,0
144h,1617476620,598,0
168h,1620930330,596,1
186h,1623013409,600,0
256h,1618606915,598,0
97h,1613438540,505,0
247h,1620355814,554,0
257h,1620211032,509,0
189h,1620872386,570,0
186h,1623023498,600,0
144h,1617759534,598,0
127h,1616016134,595,0
250h,1620330654,596,0
250h,1617073943,597,1
189h,1620724111,545,0
164h,1619207944,597,1
123h,1612549556,600,0
256h,1618954615,597,0
277h,1618708821,600,0
230h,1616551280,600,1
235h,1617199784,515,0
274h,1622641209,578,0
247h,1620167210,549,0
141h,1619279851,595,0
121h,1617241871,600,0
272h,1621025238,595,0
247h,1620477119,537,0
261h,1615723854,600,0
189h,1621207149,558,0
293h,1624360338,598,0
235h,1617360491,515,0
141h,1618447155,598,0
272h,1620941898,569,0
292h,1616290821,594,1
108h,1620544941,516,0
258h,1618880430,541,0
284h,1620069756,597,0
190h,1614175136,580,1
257h,1620173521,580,0
257h,1620425870,509,0
123h,1612468083,600,0
118h,1618194660,600,0
108h,1620699421,562,0
274h,1623621824,600,0
264h,1621823748,594,0
298h,1622683531,597,0
259h,1621031008,600,0
147h,1623289002,599,0
189h,1621070124,592,0
226h,1623547550,577,0
108h,1620832714,523,0
108h,1620954583,599,1
188h,1619391422,598,0
238h,1623542895,598,0
286h,1619837366,599,0
247h,1621044217,600,0
189h,1621209665,504,0
226h,1622976939,586,0
247h,1620169695,504,0
247h,1620166715,560,0
293h,1624376554,598,0
226h,1622998909,534,0
273h,1620949187,600,0
57h,1620157439,597,0
272h,1620834325,533,0
261h,1615501757,600,0
189h,1620894741,512,0
247h,1620628831,598,0
226h,1623619918,511,0
193h,1619900643,600,0
272h,1621470668,599,0
250h,1620497610,575,0
284h,1619828391,598,0
127h,1615329641,600,0
284h,1619555399,596,0
226h,1623115397,518,0
108h,1620440389,532,0
274h,1623703821,600,0
264h,1620867491,593,0
226h,1623310130,522,0
261h,1615921971,594,1
168h,1619827766,599,0
123h,1612384425,599,0
274h,1622869912,579,0
248h,1621910903,585,0
235h,1617163298,590,0
247h,1620339619,548,0
292h,1616274446,599,0
223h,1621450287,515,0
189h,1621210170,565,0
189h,1620597778,576,0
127h,1616141989,591,1
247h,1620770935,590,0
238h,1616897363,583,1
256h,1613598177,576,1
298h,1622510692,600,0
229h,1622315847,600,0
247h,1620505073,547,0
260h,1618957922,593,0
168h,1620666723,600,0
229h,1622082700,581,0
109h,1621114758,597,0
277h,1618365784,600,0
189h,1621072635,503,0
293h,1624402895,599,0
229h,1622158793,598,0
274h,1623532891,593,0
234h,1620162978,597,0
141h,1619243232,597,0
247h,1620198875,575,0
189h,1620880352,511,0
189h,1621387049,508,0
258h,1618750753,595,0
238h,1616897718,540,1
261h,1615767821,600,0
262h,1619558040,600,0
256h,1612993583,600,1
108h,1620694382,506,0
247h,1620275514,567,0
255h,1619295244,600,0
229h,1622401023,600,0
108h,1620370699,573,0
108h,1620474264,560,0
226h,1623641581,503,0
247h,1620433620,593,0
144h,1617414812,598,0
189h,1621240188,517,0
260h,1619050121,599,0
189h,1620667846,545,0
284h,1620001066,598,0
293h,1623600911,525,0
277h,1618951320,573,0
189h,1621205766,552,0
137h,1622765840,600,0
272h,1620777835,558,0
189h,1621023955,506,0
229h,1614414991,599,1
108h,1620738722,562,0
189h,1621212458,554,0
272h,1620909179,599,0
258h,1618399451,600,0
272h,1621049517,573,0
186h,1623110776,600,0
189h,1620848115,557,0
259h,1619654278,600,1
247h,1616108379,582,1
105h,1620346446,600,0
274h,1622903119,516,0
194h,1622027367,539,0
257h,1620540829,505,0
293h,1623462714,571,0
121h,1618335739,598,1
264h,1620953300,599,0
229h,1622082847,579,0
257h,1620233354,542,0
141h,1619205687,600,0
57h,1620136866,598,0
298h,1621829710,600,0
189h,1620752723,587,0
189h,1620622650,538,0
226h,1623129044,513,0
272h,1621222684,537,0
137h,1623363508,600,0
255h,1619648503,500,0
247h,1620767384,600,0
264h,1621138127,599,0
261h,1614914065,599,0
247h,1619994599,556,0
258h,1618194129,599,0
332h,1622189241,594,0
223h,1621517828,559,0
57h,1619997518,600,0
261h,1615697307,600,0
257h,1620192997,502,0
284h,1619832579,593,0
189h,1621210782,545,0
272h,1620781062,559,0
262h,1619825638,600,0
247h,1620176784,600,0
137h,1623268919,600,0
262h,1620008418,600,0
165h,1620967178,599,0
246h,1620349373,599,0
272h,1621227904,507,0
250h,1619750338,568,1
226h,1623028327,561,0
226h,1623424570,516,0
147h,1623201603,600,0
57h,1620173560,600,0
108h,1620441080,509,0
194h,1622102528,534,0
229h,1622077087,595,0
238h,1621627818,589,1
272h,1621131202,528,0
230h,1619828433,596,1
257h,1620259833,594,0
246h,1620512318,600,0
108h,1620638242,536,0
223h,1618770849,594,1
147h,1623708085,599,1
189h,1621160307,509,0
277h,1618975510,600,0
247h,1616109546,561,1
234h,1619722880,600,0
193h,1619738671,595,0
248h,1620936049,597,1
165h,1620419698,594,0
272h,1620780809,592,0
107h,1621638599,596,0
273h,1620665437,505,0
118h,1618085260,600,0
189h,1620788943,560,0
246h,1619823089,596,0
235h,1618085705,559,1
235h,1617139762,575,0
250h,1618696402,573,1
293h,1623636051,510,0
257h,1620200069,582,0
229h,1621808443,600,0
124h,1619116603,600,0
272h,1620775316,510,0
264h,1621392486,597,0
193h,1619683738,595,0
234h,1620847889,600,1
257h,1620484734,500,0
273h,1620658566,563,0
118h,1618701942,598,1
57h,1620518432,597,0
189h,1621218529,555,0
247h,1620677812,566,0
194h,1621784166,512,0
108h,1620703309,590,0
168h,1619978670,599,0
247h,1620808352,516,0
121h,1618335642,598,1
141h,1619292827,595,1
238h,1620773673,577,1
107h,1621718197,592,0
272h,1621115284,578,0
257h,1620304812,554,0
57h,1620682231,600,0
108h,1620713880,589,0
144h,1617930190,586,0
107h,1622367114,545,0
188h,1618794793,588,0
258h,1618534768,600,0
226h,1622998637,585,0
107h,1622233988,597,0
260h,1619911757,599,0
109h,1620428119,596,0
189h,1621414809,587,0
286h,1619825050,599,0
248h,1621301921,597,0
57h,1620074593,597,0
118h,1618337659,599,0
247h,1620427235,508,0
257h,1620239117,519,0
226h,1623542704,560,0
273h,1620624729,545,0
223h,1621524460,596,0
247h,1620537308,533,0
262h,1619646440,600,0
189h,1620977327,512,0
108h,1620775157,553,0
57h,1620326080,529,0
235h,1617343042,562,0
272h,1620790591,539,0
147h,1623277167,600,0
168h,1620067101,599,0
284h,1620441554,597,0
165h,1621178335,600,0
264h,1621725189,594,0
264h,1621914649,597,0
137h,1623203006,600,0
221h,1623549633,599,0
189h,1621219848,575,0
256h,1619317187,600,0
168h,1619988447,593,0
257h,1620420493,584,0
238h,1620481037,581,1
293h,1623805043,600,0
274h,1623022446,598,0
137h,1622769160,600,0
118h,1617899347,550,0
118h,1618364659,599,0
186h,1622938561,595,0
257h,1620304695,524,0
118h,1617586095,600,0
247h,1620519659,586,0
247h,1620016808,560,0
189h,1620604095,547,0
234h,1620714805,600,0
165h,1621254788,595,1
239h,1616902780,593,0
257h,1620384022,555,0
250h,1620335852,600,0
193h,1619817252,594,0
123h,1612650016,597,1
247h,1620151755,526,0
257h,1620511744,584,0
257h,1620295148,547,0
189h,1621057314,555,0
277h,1618101641,600,0
193h,1619555910,582,0
274h,1622626910,537,0
189h,1621332555,506,0
57h,1620603445,600,0
226h,1624126696,593,1
247h,1620245299,586,0
257h,1620169164,593,0
189h,1620723546,571,0
239h,1616641719,587,0
272h,1620820425,517,0
108h,1620552061,515,0
332h,1623011688,574,1
247h,1620166779,580,0
229h,1622076272,597,0
247h,1620476132,576,0
274h,1623710070,599,1
189h,1621491591,554,0
296h,1620247203,599,0
235h,1617622057,597,0
293h,1623694688,584,0
257h,1620478401,600,0
194h,1621812510,527,0
235h,1617040946,590,0
189h,1621207265,556,0
246h,1620585027,597,0
293h,1623276684,590,1
273h,1620870095,600,0
250h,1620600814,600,0
189h,1621211471,572,0
108h,1620563523,533,0
226h,1623274569,546,0
235h,1616887721,555,0
247h,1620801385,520,0
168h,1619904054,596,0
257h,1620274013,553,0
188h,1618534675,591,0
238h,1622243025,549,1
189h,1621456331,586,0
137h,1623953931,589,1
107h,1622166351,600,0
262h,1620354926,600,0
168h,1620079478,596,0
257h,1620215251,580,0
272h,1621205807,540,0
293h,1624407449,592,1
123h,1612649247,592,1
257h,1620196107,522,0
222h,1615251026,600,0
123h,1611693560,599,0
189h,1621453515,555,0
226h,1623522349,535,0
147h,1623350160,597,0
229h,1622148831,598,0
277h,1618699275,600,0
121h,1617314668,600,0
147h,1623125290,600,0
273h,1620667301,576,0
137h,1623020484,600,0
257h,1620212508,583,0
165h,1620867440,600,0
272h,1621304570,596,0
194h,1621923190,525,0
257h,1620456434,581,0
272h,1621208053,557,0
193h,1619568046,600,0
147h,1623014075,599,1
189h,1621205690,542,0
141h,1618181330,599,0
272h,1621011664,571,0
229h,1621646365,596,0
273h,1620684186,527,0
194h,1622036333,579,0
108h,1620699372,550,0
296h,1620067632,598,0
165h,1620960927,600,0
264h,1621730382,597,0
108h,1620434088,560,0
194h,1622005134,531,0
226h,1619212073,598,1
189h,1620626092,591,0
189h,1621504454,542,0
189h,1620817298,582,0
189h,1621139433,501,0
230h,1617319559,595,1
293h,1624358987,598,0
141h,1618168709,600,0
272h,1620775511,536,0
259h,1620868922,600,0
264h,1621906791,600,0
107h,1621644964,593,0
247h,1620420005,544,0
247h,1620011456,572,0
189h,1620752813,583,0
127h,1615636465,599,0
144h,1617752799,595,0
293h,1623694595,586,0
123h,1611604487,600,0
284h,1620086822,600,0
255h,1619209510,600,0
194h,1621810505,592,0
194h,1621976336,520,0
226h,1623735093,518,0
127h,1615687206,599,0
226h,1623352861,528,0
147h,1623199151,600,0
194h,1622005046,524,0
246h,1620255406,597,0
247h,1620630222,537,0
168h,1619789523,598,0
165h,1620526615,598,0
194h,1621969304,539,0
168h,1620602697,598,0
165h,1620508580,598,0
189h,1620875586,598,0
256h,1618788060,598,0
141h,1618797279,596,0
127h,1615646630,600,0
262h,1620095855,600,0
235h,1617593229,600,0
108h,1620445129,559,0
284h,1620599321,597,1
296h,1620253791,596,0
234h,1620528377,600,0
108h,1620594947,514,0
226h,1623698260,545,0
57h,1620596318,600,0
257h,1620390744,512,0
238h,1620480960,580,1
141h,1618707784,597,0
235h,1616959091,548,0
257h,1620473728,505,0
235h,1617680525,600,0
223h,1621407568,544,0
189h,1621500237,600,0
235h,1616960782,597,0
226h,1623604011,546,0
256h,1619122518,599,0
121h,1617419500,600,0
57h,1620089559,593,0
189h,1620954435,512,0
165h,1620408803,600,0
257h,1620174937,571,0
229h,1621999067,600,0
256h,1618449906,600,0
293h,1624402957,599,0
188h,1619034574,599,0
189h,1621209783,533,0
248h,1622027202,503,0
262h,1620085811,600,0
257h,1620500214,566,0
193h,1619989403,591,0
229h,1622359428,587,0
273h,1620624564,516,0
234h,1620263017,600,0
247h,1620255257,596,0
247h,1620011305,577,0
286h,1620013851,599,0
229h,1622333366,596,0
239h,1617233568,589,1
107h,1621546943,591,0
105h,1620959972,561,1
257h,1620366030,589,0
108h,1620701497,563,0
273h,1620723387,507,0
107h,1621819438,600,0
277h,1618713524,600,0
189h,1621152794,537,0
247h,1620713243,598,0
189h,1621035371,543,0
273h,1620549187,500,0
118h,1618078672,599,0
273h,1620936993,599,0
164h,1619209956,576,1
259h,1620520475,600,0
274h,1622730155,590,0
247h,1620034143,574,0
189h,1621286712,564,0
229h,1622105079,512,0
234h,1619665992,600,0
238h,1623627870,600,0
247h,1620153975,563,0
108h,1620542328,542,0
189h,1621504297,583,0
147h,1623015093,596,1
247h,1620262594,537,0
118h,1618256895,600,0
189h,1621168494,597,0
248h,1619835132,596,1
250h,1618696941,596,1
189h,1621293687,534,0
189h,1621072918,538,0
274h,1622750769,571,0
141h,1618364640,600,0
238h,1617309934,600,1
238h,1616965337,600,1
258h,1619206448,596,0
238h,1623372912,600,0
247h,1620791134,595,0
188h,1618616082,590,0
258h,1618866516,581,0
229h,1621987191,600,0
247h,1620569025,560,0
108h,1620646455,563,0
127h,1615317755,598,0
284h,1619734926,599,0
288h,1619558250,597,0
226h,1617912660,598,1
229h,1622078881,547,0
255h,1619139368,599,0
273h,1620851399,600,0
222h,1615171029,596,0
189h,1621050373,565,0
223h,1621502386,506,0
108h,1620817489,595,0
108h,1620608136,558,0
258h,1618662671,600,0
247h,1619994422,576,0
274h,1623013524,599,0
257h,1620457159,584,0
255h,1619051779,600,0
109h,1620978404,596,0
234h,1620506175,600,0
189h,1621211003,571,0
259h,1621369445,576,0
226h,1623377355,526,0
258h,1618273808,600,0
123h,1611549401,600,0
186h,1623288064,600,0
258h,1618629509,600,0
118h,1617815979,600,0
250h,1620747200,595,0
273h,1620660430,508,0
274h,1622927596,600,0
261h,1615083885,600,0
188h,1619561254,599,1
257h,1620287732,538,0
274h,1622891744,580,0
108h,1620441154,515,0
193h,1620439693,598,1
168h,1619887563,600,0
189h,1620983585,526,0
274h,1623110131,600,0
264h,1621820468,596,0
189h,1620674529,557,0
293h,1623890118,600,0
272h,1621121235,503,0
238h,1623893011,600,0
229h,1621374657,600,0
261h,1615828297,600,0
147h,1623293962,600,0
250h,1619993818,600,1
247h,1620632965,571,0
226h,1623220598,539,0
109h,1620180000,598,0
189h,1621449374,530,0
246h,1619896976,598,0
124h,1619484412,600,0
226h,1623195000,588,0
272h,1621686695,545,0
274h,1623272067,600,0
235h,1617017281,569,0
168h,1620394536,597,0
186h,1623446762,582,1
260h,1618880823,588,0
226h,1623615895,594,0
258h,1618730793,600,0
272h,1621074983,577,0
235h,1617324631,541,0
286h,1620609350,600,0
137h,1623278674,599,0
108h,1620610383,567,0
264h,1620873806,595,0
234h,1619735087,599,0
123h,1612117078,600,0
256h,1619145988,599,0
298h,1622516249,599,0
238h,1622242079,592,1
234h,1619816387,599,0
293h,1623713312,526,0
97h,1613334260,577,0
332h,1622262040,600,0
246h,1620683768,599,0
168h,1620264004,584,0
229h,1621387807,593,0
234h,1619920583,600,0
118h,1618431079,600,0
223h,1621484938,544,0
189h,1620911166,516,0
235h,1617220955,516,0
257h,1620257514,572,0
258h,1618880975,578,0
123h,1611509939,600,0
229h,1622239246,567,0
97h,1613519335,594,0
57h,1619648344,600,0
222h,1615322358,600,0
293h,1623705206,507,0
247h,1620626353,598,0
247h,1620755986,576,0
258h,1618338033,600,0
248h,1621288789,599,0
223h,1621282628,600,1
277h,1619148925,600,0
247h,1620441238,546,0
234h,1620738051,555,0
293h,1623625272,501,0
186h,1622325668,595,0
108h,1620467008,525,0
226h,1622935911,585,0
257h,1620233872,583,0
238h,1618371960,510,1
238h,1616897851,557,1
127h,1615495137,600,0
189h,1621103369,512,0
234h,1619653687,599,0
250h,1619749882,563,1
296h,1619920016,595,0
257h,1620167929,508,0
226h,1622980364,587,0
298h,1622759487,595,1
226h,1624126085,598,1
124h,1619296158,600,0
235h,1617669677,568,0
144h,1617923496,594,0
165h,1620168422,591,0
141h,1618356640,600,0
108h,1620524254,549,0
247h,1621037456,600,0
147h,1623015250,595,1
272h,1621049560,573,0
189h,1620638516,572,0
238h,1616963742,599,1
141h,1618428435,599,0
261h,1615157144,600,0
189h,1621434325,557,0
260h,1619989534,594,1
257h,1620235054,583,0
222h,1615086118,597,0
230h,1616550747,597,1
247h,1620542458,530,0
193h,1619399945,599,0
186h,1623363183,598,0
194h,1622068675,522,0
226h,1623221719,509,0
226h,1623535377,594,0
288h,1619382956,580,0
238h,1624479489,573,1
147h,1623533383,600,0
257h,1620171771,514,0
189h,1621726509,599,0
256h,1618478095,600,0
165h,1621034725,600,0
256h,1618533883,599,0
238h,1623980904,599,0
196h,1616277941,598,0
108h,1620498784,511,0
247h,1620505182,540,0
235h,1616946550,515,0
221h,1623792478,596,0
168h,1620702813,586,0
223h,1621282251,600,1
274h,1622629061,524,0
229h,1621318020,599,0
274h,1622885163,556,0
189h,1621122199,593,0
123h,1612650474,599,1
194h,1621923117,512,0
247h,1620130088,522,0
247h,1620356036,583,0
257h,1620511793,570,0
296h,1620084830,507,0
296h,1620703186,596,1
260h,1619211209,589,0
259h,1621460357,599,1
262h,1619747485,600,0
57h,1620524846,600,0
292h,1616177949,599,0
234h,1620593160,600,0
127h,1615339049,595,0
144h,1617411009,589,0
274h,1622751025,525,0
247h,1620483435,525,0
247h,1620475979,578,0
261h,1615432000,600,0
247h,1620787789,553,0
57h,1619734184,600,0
257h,1620248440,532,0
108h,1620701058,589,0
193h,1616540859,598,1
226h,1623539081,533,0
246h,1619929391,596,0
257h,1620457117,574,0
164h,1619117412,598,1
288h,1619413218,579,0
189h,1621218305,560,0
194h,1622757236,593,1
288h,1619483901,599,0
194h,1621985082,597,0
189h,1621478152,568,0
262h,1620668545,599,0
137h,1623546284,600,0
194h,1621913992,504,0
262h,1620290157,588,0
229h,1622168370,597,0
147h,1623466733,600,0
262h,1620175381,600,0
247h,1620366827,585,0
189h,1621421728,536,0
250h,1620088881,595,0
247h,1620147717,510,0
124h,1619895214,599,0
108h,1620628343,559,0
256h,1618884200,522,0
258h,1618880576,551,0
274h,1622675064,529,0
223h,1621534398,503,0
256h,1618644259,599,0
194h,1621976512,587,0
234h,1620057213,598,0
108h,1620512624,513,0
257h,1620434647,531,0
57h,1619905865,600,0
235h,1617324522,512,0
141h,1618193813,599,0
165h,1620688742,599,0
246h,1621017955,596,1
109h,1621127553,600,0
189h,1621103106,501,0
273h,1620576905,530,0
273h,1620930485,600,0
258h,1618482998,598,0
248h,1622084569,543,1
123h,1611858859,598,0
118h,1617838417,599,0
272h,1621547243,600,0
108h,1620481065,512,0
264h,1621128658,598,0
298h,1622752918,587,0
258h,1618880928,585,0
194h,1622059393,525,0
261h,1614823963,600,0
108h,1620749529,573,0
257h,1620211367,539,0
124h,1619576451,599,0
298h,1622406648,600,0
124h,1619228696,600,0
260h,1619989989,587,1
257h,1620508613,575,0
121h,1617678491,600,0
97h,1612819145,600,0
186h,1622496815,599,0
108h,1620736855,545,0
194h,1621901092,531,0
226h,1623108435,509,0
235h,1617323287,515,0
274h,1622944298,600,0
264h,1621902676,600,0
165h,1620762545,600,0
168h,1620162394,600,0
248h,1621471473,599,0
257h,1620017198,597,1
274h,1622708161,519,0
109h,1621374121,593,1
57h,1620607062,599,0
261h,1615921544,600,1
250h,1619994238,584,1
108h,1620553971,575,0
141h,1619293794,582,1
165h,1620864699,600,0
273h,1621024332,598,0
223h,1621510750,564,0
238h,1624233140,600,0
272h,1621012872,598,0
274h,1622640017,501,0
250h,1617073698,596,1
258h,1618183677,600,0
259h,1621437360,599,0
256h,1618521277,600,0
273h,1620607467,536,0
292h,1616209534,600,0
259h,1620595766,600,0
223h,1621541780,523,0
257h,1620324426,583,0
274h,1623457118,600,0
257h,1621363117,587,1
108h,1620607958,501,0
258h,1615709578,600,1
222h,1615416796,597,0
298h,1622757572,599,0
194h,1621998725,566,0
141h,1618342476,598,0
226h,1623191520,526,0
264h,1621132738,594,0
293h,1623633267,584,0
286h,1620094671,588,0
261h,1615508457,600,0
272h,1620834252,522,0
229h,1621469443,600,0
256h,1618868882,586,0
259h,1619654657,593,1
274h,1623104090,598,0
124h,1619207265,599,0
274h,1623199212,600,0
223h,1621408554,593,0
296h,1620261808,591,0
118h,1618282086,599,0
261h,1615591143,600,0
277h,1618616579,586,0
258h,1618342691,600,0
123h,1612510317,600,0
108h,1620242328,560,1
274h,1622925151,599,0
274h,1623445518,600,0
238h,1623110642,587,1
257h,1620432475,523,0
238h,1622242739,571,1
127h,1615922523,600,0
246h,1619906445,600,0
194h,1621631288,597,1
247h,1620596152,500,0
189h,1620956082,573,0
123h,1611947293,596,0
258h,1615709371,600,1
235h,1618010947,600,0
107h,1622252878,591,0
57h,1619898041,600,0
272h,1621206053,507,0
147h,1623269811,599,0
293h,1623666298,500,0
186h,1622336121,599,0
288h,1619752565,593,0
226h,1615234582,573,1
165h,1620878807,597,0
288h,1619654142,599,0
248h,1621652226,598,0
226h,1623129518,580,0
238h,1621626946,595,1
261h,1614809477,600,0
57h,1620777433,600,1
229h,1621319391,600,0
238h,1616896894,568,1
259h,1621126851,600,0
247h,1620436444,564,0
234h,1620097071,599,0
123h,1612425389,599,0
189h,1621474176,582,0
273h,1620953366,582,0
186h,1622599215,600,0
229h,1621977913,600,0
286h,1620247441,600,0
108h,1620605856,583,0
332h,1622320392,600,0
235h,1616960932,579,0
226h,1623602050,519,0
257h,1620457202,580,0
272h,1621731561,597,0
168h,1620865223,593,0
189h,1621278085,581,0
123h,1612220026,600,0
247h,1620018001,511,0
97h,1613529797,548,0
257h,1620306072,522,0
264h,1621558972,600,0
189h,1621456526,546,0
226h,1623356486,555,0
250h,1620285098,596,0
121h,1617934296,600,0
57h,1619930843,599,0
226h,1623357945,510,0
238h,1621362373,586,1
277h,1618537388,600,0
332h,1622584772,600,0
272h,1620775792,573,0
121h,1617639776,599,0
189h,1620753086,559,0
57h,1619833678,600,0
188h,1618864464,582,0
168h,1620336672,598,0
57h,1619727951,600,0
293h,1623944120,599,0
229h,1611647068,600,1
189h,1620822192,586,0
247h,1620340061,591,0
189h,1620649024,506,0
258h,1618880520,548,0
260h,1619989909,589,1
247h,1620609202,596,0
272h,1620975464,510,0
234h,1620663633,600,0
189h,1621402936,531,0
292h,1616291229,598,1
108h,1620490257,521,0
189h,1621190376,517,0
247h,1620325723,586,0
235h,1617227543,593,0
165h,1620181040,599,0
137h,1622850504,598,0
118h,1617754157,600,0
256h,1618818355,600,0
332h,1621996969,581,0
257h,1620514338,598,0
189h,1621461555,573,0
257h,1620169303,597,0
147h,1623272991,578,0
250h,1620427077,579,0
168h,1620525840,600,0
257h,1620302288,584,0
238h,1623445536,600,0
144h,1617676745,595,0
238h,1620352504,597,1
165h,1620236999,599,0
229h,1622074876,598,0
284h,1620180915,599,0
226h,1623642144,505,0
124h,1619641480,600,0
108h,1620465632,552,0
293h,1623666346,507,0
258h,1618343650,599,0
296h,1619569367,600,0
247h,1620505249,527,0
226h,1623512621,576,0
223h,1621464223,518,0
248h,1622085575,567,1
189h,1621481073,557,0
141h,1618729682,600,0
257h,1620182916,561,0
298h,1622761196,594,1
57h,1620611442,600,0
239h,1617061310,599,0
141h,1618216345,600,0
226h,1623601884,511,0
222h,1615240023,600,0
272h,1620823623,564,0
332h,1621907791,534,0
189h,1621204698,546,0
255h,1619662653,600,0
284h,1619639547,599,0
193h,1619596762,543,0
293h,1623766617,518,0
189h,1620959420,585,0
189h,1620720409,530,0
223h,1617738102,600,1
247h,1620001239,594,0
221h,1623978050,582,1
144h,1617838941,592,0
189h,1620882565,544,0
286h,1620584943,596,0
264h,1621386102,600,0
264h,1621222781,599,0
293h,1623462205,588,0
194h,1622640110,594,0
257h,1620396682,548,0
108h,1620701249,590,0
194h,1621985479,518,0
165h,1620095549,595,0
257h,1620506980,508,0
274h,1622625970,545,0
238h,1621438818,565,1
247h,1620528712,589,0
247h,1620157630,506,0
286h,1620513462,577,0
226h,1623378143,513,0
223h,1621463265,560,0
257h,1620545056,570,0
137h,1623113622,600,0
226h,1623158150,542,0
189h,1620642582,592,0
234h,1620543179,600,0
127h,1615752827,600,0
194h,1622027687,547,0
189h,1620603652,527,0
141h,1618538440,600,0
258h,1618717622,599,0
123h,1612408654,592,0
229h,1621549199,597,0
246h,1620956969,568,0
257h,1620273905,567,0
257h,1620203402,591,0
247h,1620326550,591,0
194h,1622598426,595,0
247h,1620675191,533,0
272h,1620995587,500,0
57h,1620342275,600,0
127h,1616027016,596,0
124h,1620074059,600,0
189h,1620783012,578,0
229h,1621475927,600,0
189h,1621438739,579,0
257h,1620495180,512,0
259h,1620418460,600,0
165h,1620529709,595,0
223h,1622080050,600,0
144h,1617436879,600,0
255h,1619831566,600,0
277h,1618882911,600,0
239h,1617232889,584,1
239h,1617232535,583,1
189h,1620923845,554,0
260h,1619663152,593,0
272h,1620785082,509,0
257h,1620255215,565,0
229h,1621890541,600,0
293h,1624360780,599,0
274h,1623710715,600,1
296h,1620073635,516,0
118h,1617951447,600,0
296h,1619981100,600,0
108h,1620497195,513,0
247h,1620736353,584,0
247h,1620497051,563,0
235h,1617220723,519,0
298h,1621911732,600,0
238h,1622683247,583,1
238h,1623285976,599,0
293h,1624396076,595,0
194h,1622496921,590,0
293h,1623979421,600,0
127h,1616116062,599,0
296h,1619568312,576,0
141h,1618245864,596,0
229h,1622427124,600,0
194h,1621812154,509,0
247h,1620059618,557,0
259h,1620259915,600,0
238h,1622239769,568,1
189h,1621699201,592,0
189h,1620772640,551,0
277h,1618797775,600,0
229h,1622275681,600,0
235h,1617058219,516,0
223h,1621553461,506,0
189h,1621380452,576,0
247h,1620335174,586,0
226h,1623444353,570,0
262h,1620598110,600,0
108h,1620619054,562,0
108h,1620734339,578,0
284h,1620355802,593,0
194h,1622081220,554,0
229h,1621898847,600,0
127h,1615575657,599,0
57h,1619738350,595,0
262h,1619728548,599,0
234h,1619899801,600,0
194h,1621954222,508,0
226h,1623109169,579,0
123h,1612406799,598,0
137h,1623801268,600,0
108h,1620557759,511,0
108h,1620473844,556,0
223h,1621283254,598,1
247h,1620340090,591,0
257h,1620257764,572,0
223h,1621382894,582,0
189h,1621410052,544,0
141h,1619165315,598,0
189h,1621284619,564,0
274h,1622808703,523,0
188h,1619379323,600,0
221h,1623624379,595,0
189h,1620984124,501,0
190h,1621011377,577,1
165h,1620175655,599,0
298h,1621740479,600,0
189h,1621477380,555,0
189h,1620919568,571,0
229h,1610482071,563,1
239h,1617233112,580,1
246h,1620942217,592,0
277h,1618523754,600,0
147h,1623548802,600,0
137h,1623531514,600,0
235h,1617580901,600,0
247h,1620002717,580,0
165h,1620513742,599,0
229h,1621817437,600,0
168h,1620437178,543,0
107h,1621908885,598,0
190h,1620039884,600,0
273h,1620582072,571,0
137h,1623117852,600,0
246h,1619209475,588,1
274h,1623579770,598,0
223h,1621559861,581,0
226h,1623735135,530,0
234h,1619659547,598,0
235h,1617052473,599,0
257h,1620507482,596,0
250h,1620349254,598,0
235h,1616989812,596,0
247h,1620401154,542,0
250h,1620865057,592,1
273h,1620677076,504,0
247h,1620340805,590,0
257h,1620541029,554,0
293h,1620005559,597,1
230h,1619432872,552,0
272h,1620823142,566,0
258h,1618962855,600,0
229h,1621578366,600,0
193h,1619830855,600,0
247h,1620735866,568,0
229h,1622089369,506,0
226h,1623517640,568,0
286h,1619662522,599,0
229h,1617495698,600,1
264h,1620960643,580,0
193h,1619475765,574,0
189h,1621797223,592,1
124h,1619567803,600,0
261h,1614738612,600,0
256h,1619382545,600,0
124h,1619907715,600,0
